[
    {
        "name": "Education Dashboard",
        "category": "Html templates",
        "technology": "Angular",
        "id": 194556,
        "price": "$149"
    },
    {
        "name": "React UI Kit",
        "category": "Html templates",
        "technology": "React JS",
        "id": 623232,
        "price": "$129"
    },
    {
        "name": "Education Dashboard",
        "category": "Html templates",
        "technology": "Angular",
        "id": 194356,
        "price": "$149"
    },
    {
        "name": "React UI Kit",
        "category": "Html templates",
        "technology": "React JS",
        "id": 323323,
        "price": "$129"
    },
    {
        "name": "Education Dashboard",
        "category": "Html templates",
        "technology": "Angular",
        "id": 994856,
        "price": "$149"
    },
    {
        "name": "Education Dashboard",
        "category": "Html templates",
        "technology": "Angular",
        "id": 194256,
        "price": "$149"
    },
    {
        "name": "React UI Kit",
        "category": "Html templates",
        "technology": "React JS",
        "id": 623378,
        "price": "$129"
    },
    {
        "name": "Education Dashboard",
        "category": "Html templates",
        "technology": "Angular",
        "id": 192856,
        "price": "$149"
    },
    {
        "name": "React UI Kit",
        "category": "Html templates",
        "technology": "React JS",
        "id": 523323,
        "price": "$129"
    },
    {
        "name": "Education Dashboard",
        "category": "Html templates",
        "technology": "Angular",
        "id": 191857,
        "price": "$149"
    },
    {
        "name": "Education Dashboard",
        "category": "Html templates",
        "technology": "Angular",
        "id": 914856,
        "price": "$149"
    },
    {
        "name": "React UI Kit",
        "category": "Html templates",
        "technology": "React JS",
        "id": 633293,
        "price": "$129"
    },
    {
        "name": "Education Dashboard",
        "category": "Html templates",
        "technology": "Angular",
        "id": 924856,
        "price": "$149"
    },
    {
        "name": "React UI Kit",
        "category": "Html templates",
        "technology": "React JS",
        "id": 123323,
        "price": "$129"
    },
    {
        "name": "Education Dashboard",
        "category": "Html templates",
        "technology": "Angular",
        "id": 198856,
        "price": "$149"
    },
    {
        "name": "Education Dashboard",
        "category": "Html templates",
        "technology": "Angular",
        "id": 132856,
        "price": "$149"
    },
    {
        "name": "React UI Kit",
        "category": "Html templates",
        "technology": "React JS",
        "id": 613223,
        "price": "$129"
    },
    {
        "name": "Education Dashboard",
        "category": "Html templates",
        "technology": "Angular",
        "id": 484856,
        "price": "$149"
    },
    {
        "name": "React UI Kit",
        "category": "Html templates",
        "technology": "React JS",
        "id": 103324,
        "price": "$129"
    },
    {
        "name": "Education Dashboard",
        "category": "Html templates",
        "technology": "Angular",
        "id": 124859,
        "price": "$149"
    }
]